question,answer,id
"Carrie wanted to find out which was harder, a penny or a nickel, so she did a scratch test. How would this tell her which is harder?",The harder coin will scratch the other.,0
"Look at the picture on the right. Label the poles on each magnet. (The bottom 2 magnets are stuck together, the others are not.) What is the rule that explains why you labeled the poles the way you did?",Like poles repel and opposite poles attract.,1
A solution is a type of mixture. What makes it different from other mixtures?,A solution is a mixture formed when a solid dissolves in a liquid.,2
Katie got a guitar for her birthday. She experimented with the strings and found she could change their sounds. One way Katie could change the sound of a string was to tighten it. Describe how the sound was different when the string was tightened.,"When the string was tighter, the pitch was higher.",3
